latitude,longitude,elevation,speed
4.564596712589264,-74.09516489133239,0.0,0.0
4.564671227708459,-74.09510672092438,0.0,5.255313915262971
4.56495470367372,-74.09487362019718,0.0,5.100358224066149
4.565367009490728,-74.09451931715012,0.0,3.777151902426091
4.56602331250906,-74.09405051730573,0.0,5.275733254739179
4.5663942117244005,-74.09389251843095,2644.6,240.45276290972913
4.566769218072295,-74.09381808713078,2641.8,2.665421615916777
4.56687550060451,-74.09380425699055,2641.2,1.1945513868198392
4.567206501960754,-74.09375622868538,2641.0,1.959519620286965
4.567313874140382,-74.09376259893179,2641.4,0.18151788219987885
4.567660130560398,-74.09371088258922,2641.4,2.4356219663329544
4.567968165501952,-74.09362555481493,2639.8,2.225593455380189
4.568058522418141,-74.09360527060926,2639.2,1.1471891862381631
4.5684074610471725,-74.09363452345133,2637.6,3.250990960625149
4.568806774914265,-74.09367349930108,2635.6,2.7941302240372954
4.569014981389046,-74.09369537606835,2634.6,0.5689187225684478
4.569233078509569,-74.09370115958154,2633.2,1.4310152107344642
4.569504568353295,-74.09372270107269,2631.2,1.8988996102093547
4.569670362398028,-74.09373703412712,2629.8,1.857733998998493
4.569830372929573,-74.0937515348196,2628.0,1.1983448569421773
4.570121308788657,-74.09379017539322,2625.0,1.2150699045152025
4.570317193865776,-74.09375689923763,2624.0,1.702988488001176
4.570592874661088,-74.0934806317091,2622.8,2.71212060822331
4.5708460081368685,-74.09321651794016,2621.8,2.541813010160243
4.571229899302125,-74.09283405169845,2620.8,3.5433258253484006
4.571733986958861,-74.09233239479363,2620.6,4.940137484719082
4.571879077702761,-74.0921874716878,2620.8,3.798834366246266
4.571988796815276,-74.09207616001368,2621.2,3.4750769192070217
4.572068173438311,-74.09202016890049,2621.4,2.7009261513803313
4.572112513706088,-74.09196828491986,2621.6,2.528727937802341
4.572128104045987,-74.09193115308881,2621.8,2.2377005644212713
4.572368580847979,-74.09172303043306,2623.0,5.053610363996706
4.572439910843968,-74.09165480174124,2623.4,5.489318010017542
4.57250596024096,-74.09158615395427,2624.0,5.302052402062423
4.573145834729075,-74.09113579429686,2624.8,5.438521840124709
4.573452863842249,-74.09091359004378,2623.8,6.022272935722355
4.573556799441576,-74.09083899110556,2623.4,7.115992990271201
4.573664087802172,-74.09076003357768,2623.0,7.408885784977087
4.573777662590146,-74.09067546017468,2622.8,7.873373040939899
4.573899870738387,-74.0905882883817,2622.4,8.348654031418498
4.574654409661889,-74.09003550186753,2620.2,7.4308244147917835
4.574650889262557,-74.0898506809026,2620.2,4.102475130676998
4.574303040280938,-74.0889719221741,2621.4,6.5578352242835845
4.574211174622178,-74.08862382173538,2622.2,4.995717611270975
4.574348218739033,-74.088403461501,2622.8,4.804536173336605
4.5744584407657385,-74.08831696026027,2623.6,1.7332001005220445
4.574194829910994,-74.08836155198514,2626.4,0.41514872217255916
4.57398796454072,-74.08834428526461,2626.6,1.9257153166382244
4.573972709476948,-74.08862541429698,2626.4,1.9526437609276663
4.573850920423865,-74.08881316892803,2626.4,2.7618858916555924
4.573756540194154,-74.08898281864822,2626.6,1.5399625549885543
4.573796018958092,-74.08924818970263,2624.8,2.711581474849246
4.573424616828561,-74.08951917663217,2623.4,3.0083622475814558
4.573178272694349,-74.08962227404118,2624.0,2.9719591300177908
4.57308741286397,-74.08957189880311,2624.8,2.896003830178753
4.572872836142778,-74.08933728933334,2625.0,2.2082497018487186
4.572802176699042,-74.08935681916773,2625.6,0.09624568166688219
4.572503864765167,-74.08895683474839,2626.0,5.0394288422250355
4.572551306337118,-74.08865617588162,2626.0,8.444518327936507
4.572690613567829,-74.08856062218547,2626.0,9.392980864730667
4.572864873334765,-74.08855182118714,2625.8,9.712052925576591
4.573096968233585,-74.0886867698282,2625.8,9.954187604377482
4.573212303221226,-74.08882766962051,2625.8,10.115490754262908
4.57332051359117,-74.08897200599313,2625.8,6.680202589271023
4.57343433983624,-74.08911231905222,2625.8,10.037135154880497
4.573552859947085,-74.0892512910068,2626.0,10.14789509790913
4.573687640950084,-74.08948506228626,2626.0,9.98898598074905
4.5736791752278805,-74.08965982496738,2626.0,9.707713507075363
4.5735707972198725,-74.08980147913098,2626.0,9.907451737569936
4.5733920112252235,-74.08985998481512,2626.2,10.467704518392848
4.573203586041927,-74.08981832675636,2626.2,10.73936161294994
4.5726333651691675,-74.08917451277375,2626.2,9.5567238989199
4.572474779561162,-74.08889497630298,2626.4,8.922790818007423
4.572493638843298,-74.08873446285725,2626.4,8.967352655397146
4.572602603584528,-74.08860345371068,2626.4,9.466678304480816
4.572774097323418,-74.088548803702,2626.4,10.01531235406424
4.57295598462224,-74.08858736045659,2626.2,10.347832404473005
4.573573060333729,-74.08927920274436,2626.0,10.301643190665951
4.5736838690936565,-74.08948866650462,2626.0,8.771167648980983
4.573675990104675,-74.08964859321713,2626.0,8.883964976427306
4.573584878817201,-74.08978572115302,2626.0,9.143419748426076
4.573430987074971,-74.0898538660258,2626.0,9.362900238191111
4.573258068412542,-74.08983567729592,2626.2,9.677886684604898
4.572898903861642,-74.08949889242649,2626.4,9.121435775517254
4.5724876038730145,-74.0889322757721,2626.4,8.642103303878942
4.572491962462664,-74.08875407651067,2626.4,9.889933394430594
4.572602100670338,-74.0886072255671,2626.4,10.196306884016908
4.57278348505497,-74.08854679204524,2626.4,10.63804542312248
4.572974508628249,-74.08859540708363,2626.4,10.969122912958726
4.5732480101287365,-74.08887670375407,2626.4,10.900923757492762
4.573689987882972,-74.08952739089727,2626.2,8.73733277014348
4.573663165792823,-74.08968027681112,2626.2,8.612866943616536
4.573556380346417,-74.08980416134,2626.2,9.086856174846112
4.573393100872636,-74.0898573026061,2626.2,9.554401222683259
4.573141140863299,-74.08977708779275,2626.4,9.80907884720112
4.572537140920758,-74.08904635347426,2626.6,9.576054848122348
4.572476958855987,-74.08887368626893,2626.6,10.148767908383231
4.572510905563831,-74.08869808539748,2626.6,9.924317158969263
4.572648033499718,-74.08857612870634,2626.6,10.200014448752432
4.572838805615902,-74.08855106681585,2626.8,10.709451990831427
4.573092777282,-74.08868408761919,2626.6,10.631311520851407
4.573634918779135,-74.08937266096473,2626.4,8.851570708371295
4.573687976226211,-74.0895884949714,2626.4,8.222518201330699
4.573633912950754,-74.08973157405853,2626.4,5.659719339943158
4.573508771136403,-74.08982922323048,2626.4,8.824344408234314
4.573274664580822,-74.08984137699008,2626.6,8.698753968787004
4.573032511398196,-74.08967751078308,2626.6,8.128972099170433
4.572537140920758,-74.0890544001013,2626.6,8.844060085617693
4.572473522275686,-74.08889179117978,2626.6,9.69198227160384
4.572497578337789,-74.08872289583087,2626.4,9.466456347822808
4.572616769000888,-74.08859549090266,2626.4,9.694269916710525
4.572795303538442,-74.08855207264423,2626.4,10.22500639032027
4.572977190837264,-74.08860571682453,2626.2,10.55271530892694
4.573544226586819,-74.0892568230629,2626.6,9.594075802356214
4.5736706256866455,-74.08956343308091,2626.6,9.204440207134708
4.573600720614195,-74.089775076136,2626.6,12.370331894541104
4.573440290987492,-74.08987398259342,2626.6,10.48088756593465
4.573258487507701,-74.08986006863415,2626.6,10.1485396488933
4.572917511686683,-74.08952680416405,2626.6,8.832276413219832
4.572517862543464,-74.08902271650732,2626.6,7.147100281014393
4.572499003261328,-74.08876698464155,2626.6,7.113721966738778
4.572703689336777,-74.0885829180479,2626.6,7.650004192276757
4.572996385395527,-74.0886370651424,2626.6,8.283034763943219
4.573520673438907,-74.08922262489796,2626.6,8.733991910128792
4.57368453964591,-74.08951431512833,2626.6,9.288438817986778
4.573667189106345,-74.08968321047723,2626.8,9.42089901928458
4.5735519379377365,-74.08981698565185,2626.8,9.810153334058763
4.573375666514039,-74.08987029455602,2626.8,10.247348567285231
4.57312848418951,-74.0897780098021,2626.8,9.78665389441725
4.572608470916748,-74.08915632404387,2626.8,8.186852202969352
4.572479808703065,-74.0889098122716,2626.8,7.719257220034966
4.572529094293714,-74.08869531936944,2626.8,8.141801199644293
4.572654906660318,-74.08859121613204,2626.8,9.077378391660245
4.572831178084016,-74.08856481313705,2626.6,9.920485762386758
4.573014071211219,-74.08863228745759,2626.6,10.846332032001193
4.573604995384812,-74.08933075144887,2626.6,10.165739277687075
4.573691664263606,-74.08954767510295,2626.6,8.644153691154402
4.573660735040903,-74.08970005810261,2626.6,8.628076640510356
4.573548166081309,-74.08981648273766,2626.6,5.999362307968753
4.57338547334075,-74.08986208029091,2626.8,9.402720871150514
4.5731445774436,-74.08978002145886,2626.8,9.44006189559047
4.572693211957812,-74.08924399875104,2626.6,7.786225016534355
4.5724876038730145,-74.08892020583153,2626.6,7.100108701654368
4.572545690461993,-74.0886748675257,2626.6,6.99534693392124
4.572759931907058,-74.08856682479382,2626.6,6.673278089910091
4.573008622974157,-74.08863555639982,2626.8,7.179054225959652
4.573533581569791,-74.08923008479178,2626.8,9.792476737023389
4.5736935921013355,-74.08952068537474,2627.0,12.27985770031855
4.5736676920205355,-74.08971732482314,2627.0,11.004878786582637
4.573526205495,-74.08984213136137,2627.0,10.486518968944383
4.57333073951304,-74.08986367285252,2627.0,10.945037936319585
4.5731475949287415,-74.08978949300945,2627.0,10.993272699071255
4.572633532807231,-74.089167220518,2627.0,8.968108724261613
4.572476204484701,-74.08886245451868,2627.2,7.61696891787457
4.572506630793214,-74.08872105181217,2627.2,8.026091218017847
4.572608387097716,-74.0886088181287,2627.2,8.417455298146262
4.572756076231599,-74.08855332992971,2627.2,8.777923119200652
4.573047263547778,-74.08864980563521,2627.2,8.534222195328747
4.573615724220872,-74.08933125436306,2627.0,8.216860931788487
4.573685377836227,-74.08961556851864,2627.0,8.121945448056834
4.573615975677967,-74.08974825404584,2627.0,8.313666696115735
4.573485134169459,-74.08983282744884,2627.2,8.663973774452796
4.573322609066963,-74.08984397538006,2627.2,9.067226254740733
4.5730450842529535,-74.0896728169173,2627.4,9.066400352919628
4.572536889463663,-74.08903528936207,2627.4,8.234684160740837
4.57248349674046,-74.08881501294672,2627.0,8.386152292767163
4.5725435949862,-74.08866648562253,2627.0,8.893716909577904
4.572681728750467,-74.08856607042253,2627.0,9.494851362834044
4.57286361604929,-74.08855475485325,2627.0,10.143248762464127
4.573039133101702,-74.08863530494273,2627.0,10.74295194369729
4.573564259335399,-74.0892684739083,2627.2,9.139829579481859
4.5736826956272125,-74.08949587494135,2627.4,7.1177476926495205
4.5736040733754635,-74.08975328318775,2627.6,5.974959534631903
4.573401482775807,-74.08984833396971,2627.6,8.298937613189352
4.573105266317725,-74.08973978832364,2627.4,8.776549817628148
4.5725535694509745,-74.08907359465957,2627.2,8.008934708175461
4.572481233626604,-74.08880663104355,2627.2,7.6746445474227105
4.5725426729768515,-74.08866975456476,2627.2,8.328694369171965
4.572671838104725,-74.08857688307762,2627.2,8.845159047655546
4.572834698483348,-74.08855877816677,2627.4,9.120802530225959
4.573116162791848,-74.08872717060149,2627.2,9.120437192648437
4.5736120361834764,-74.08934156410396,2627.4,8.772179605098518
4.573687305673957,-74.08960492350161,2627.4,10.13371869208733
4.573637684807181,-74.0897367708385,2627.2,7.819876094242766
4.573397962376475,-74.0898557100445,2627.4,7.442951814715142
4.573142230510712,-74.08977842889726,2627.6,7.4330471186706335
4.572558430954814,-74.08909471705556,2627.6,9.989724772138647
4.572466481477022,-74.08881417475641,2627.6,10.923342440538207
4.57264618948102,-74.08857235684991,2627.6,11.156610424574517
4.572985572740436,-74.08860311843455,2627.4,12.64479683818382
4.573247171938419,-74.08886287361383,2627.4,13.65791007428893
4.573680097237229,-74.08948581665754,2627.2,12.038082797003304
4.573677582666278,-74.08967616967857,2627.2,10.5621895064568
4.573552440851927,-74.08982855267823,2627.2,10.954286077389053
4.57335077226162,-74.08987599425018,2627.4,11.529744175187027
4.573155557736754,-74.08981212414801,2627.4,11.428853844417123
4.5726928766816854,-74.08925833180547,2627.2,8.909111865201599
4.572475617751479,-74.08892716281116,2627.2,7.332110052793602
4.572537895292044,-74.08867595717311,2627.2,7.181062143077545
4.572794213891029,-74.08857009373605,2627.2,7.714200631734295
4.573060590773821,-74.08869171515107,2627.2,8.144904818428378
4.573625363409519,-74.08937861211598,2627.0,8.233748419289615
4.573676409199834,-74.0895969606936,2627.0,8.295490792406765
4.573618322610855,-74.08974330872297,2627.0,8.739752285302709
4.573486391454935,-74.08984238281846,2627.2,6.115520530867218
4.573317999020219,-74.08986166119576,2627.2,9.43351490843154
4.573091100901365,-74.08974615857005,2627.2,9.441310832665321
4.572543427348137,-74.08907275646925,2627.2,8.036655458238785
4.572476791217923,-74.08881417475641,2627.2,7.409226435542092
4.572642333805561,-74.08859540708363,2627.0,7.619628512673363
4.57286168821156,-74.0885731112212,2627.0,8.181145415585835
4.57315438427031,-74.08879338763654,2626.8,8.146501470257734
4.573621591553092,-74.08937291242182,2626.8,8.270642144734719
4.573674062266946,-74.08955815248191,2626.8,10.684477395232292
4.5736293867230415,-74.08974381163716,2626.8,10.596722896974287
4.57350131124258,-74.08985168673098,2626.8,9.308062732450637
4.573342809453607,-74.08987347967923,2626.8,8.904642608873921
4.573037959635258,-74.08968186937273,2626.8,8.009266248494141
4.572526998817921,-74.08904375508428,2627.2,7.568814970889316
4.5724722649902105,-74.08883060328662,2627.2,8.141535544768276
4.572521634399891,-74.08869129605591,2627.2,8.203065732173215
4.572642333805561,-74.08859197050333,2627.0,8.68977455688974
4.572803685441613,-74.08856162801385,2627.0,9.137215622088481
4.573104176670313,-74.08872172236443,2627.0,9.468794579006637
4.573650090023875,-74.08941658213735,2627.2,8.924999538692292
4.573671631515026,-74.0896521974355,2627.2,8.751597720497147
4.57358043640852,-74.0897899121046,2627.2,9.173105864087548
4.573423862457275,-74.08986006863415,2627.2,9.544639790713127
4.573250105604529,-74.08984238281846,2627.2,9.720914128565965
4.57289638929069,-74.0895068552345,2627.4,9.031861913504242
4.572484837844968,-74.0889322757721,2627.2,7.851151675912213
4.572484586387873,-74.08876229077578,2627.2,9.431219243234771
4.5725844986736774,-74.088612254709,2627.2,10.011054180093266
4.572768313810229,-74.08854620531201,2627.2,10.867598945271089
4.572965372353792,-74.08859079703689,2627.4,11.24424390982881
4.573184810578823,-74.08879347145557,2627.4,11.067998992597722
4.573652436956763,-74.08941515721381,2627.6,10.802806873270699
4.573687138035893,-74.08960559405386,2627.6,10.740997093860349
4.573605330660939,-74.08977977000177,2627.6,10.682729311297368
4.5734320767223835,-74.0898678638041,2627.6,7.20746344481415
4.573239628225565,-74.08984900452197,2627.6,10.762619620885886
4.572729002684355,-74.08929529599845,2627.8,8.370352992463221
4.572470923885703,-74.08887402154505,2628.0,7.838510895812061
4.572504702955484,-74.08871535211802,2628.2,9.002477799438992
4.572623390704393,-74.08859607763588,2628.0,9.35116736437739
4.572792202234268,-74.08855626359582,2627.8,9.652697008570867
4.573032511398196,-74.08864385448396,2627.8,9.48736191478795
4.573523523285985,-74.08923553302884,2627.6,8.543025752195074
4.573681019246578,-74.08956670202315,2627.6,8.143247437107044
4.57361270673573,-74.08973853103817,2627.8,10.264252118411864
4.573395783081651,-74.08985948190093,2627.8,9.208990301768319
4.573142733424902,-74.08978521823883,2627.8,9.783327596335635
4.572720117866993,-74.08928037621081,2628.0,7.315415998096833
4.572481568902731,-74.0889230556786,2627.8,6.8173692867214735
4.572537895292044,-74.08867939375341,2627.8,6.938878862294545
4.572789184749126,-74.08856632187963,2627.8,7.6646104210557775
4.573067128658295,-74.08868911676109,2627.8,8.452017378651858
4.5736287999898195,-74.08937266096473,2627.6,8.191525499687925
4.573680181056261,-74.08959285356104,2627.6,6.273553126260817
4.573572222143412,-74.08978018909693,2627.6,6.002909781180175
4.573349514976144,-74.08984942361712,2627.6,6.4886842298163705
4.573042821139097,-74.08967030234635,2627.6,5.643619754290726
4.57253186032176,-74.08905289135873,2627.6,6.360391194872313
4.572505792602897,-74.08875265158713,2627.6,5.573716624931984
4.572732271626592,-74.08858769573271,2627.6,5.192597603231482
4.57304198294878,-74.08867059275508,2627.8,5.09764401269029
4.573629638180137,-74.08938179723918,2627.8,9.318792142503524
4.573693675920367,-74.08957516774535,2628.0,11.305705309552108
4.573631901293993,-74.0897661074996,2628.0,11.13783022870064
4.5734459068626165,-74.08987398259342,2628.0,11.958036945827347
4.573225295171142,-74.08985269255936,2628.0,12.33587508425923
4.5729797054082155,-74.08965487964451,2628.0,11.686811472586607
4.572496907785535,-74.08899673260748,2627.8,8.243268704880826
4.57250059582293,-74.08874192275107,2628.0,7.069677906320217
4.5727193634957075,-74.0885728597641,2628.0,7.685274654052351
4.572957828640938,-74.08860890194774,2627.8,8.948717373362415
4.573497204110026,-74.08920787274837,2627.6,8.956993858200097
4.5736768282949924,-74.08950283192098,2627.6,9.588695924788905
4.573660483583808,-74.08968882635236,2627.6,10.359459927101097
4.57352863624692,-74.08983383327723,2627.6,10.889560606724872
4.573327638208866,-74.08986886963248,2627.6,11.355127344360655
4.573138626292348,-74.08979770727456,2627.8,11.23729053435341
4.572672927752137,-74.08922639675438,2628.0,8.189359281325887
4.572475617751479,-74.08888768404722,2627.8,6.219018500306841
4.57255382090807,-74.0886658988893,2627.8,6.526195409596609
4.572799997404218,-74.08856640569866,2628.0,7.386305686754676
4.5730736665427685,-74.0886954870075,2628.0,8.415988283315476
4.573627207428217,-74.08935380168259,2628.0,9.556829144135996
4.573690993711352,-74.08951615914702,2628.0,9.682399825827057
4.573660735040903,-74.08969762735069,2628.0,10.208201188642427
4.5735204219818115,-74.08983768895268,2627.8,11.017748483139478
4.5733219385147095,-74.08987146802247,2627.8,11.20538063426923
4.573135608807206,-74.08980089239776,2627.8,11.085657242713772
4.572631940245628,-74.08918742090464,2628.2,8.819217685764139
4.572475533932447,-74.08889849670231,2628.0,7.296747158455839
4.572558011859655,-74.08865466713905,2628.0,7.142991600186833
4.572809468954802,-74.08856405876577,2628.0,7.435752661543886
4.573057573288679,-74.08868081867695,2627.6,6.101887733156518
4.573616813868284,-74.08934701234102,2627.2,8.053878203655236
4.573684707283974,-74.08950936980546,2627.4,9.769050650691256
4.573659813031554,-74.08969058655202,2627.6,10.14987902406818
4.5735289715230465,-74.08982930704951,2627.6,10.595914506015445
4.573336774483323,-74.08986702561378,2627.6,10.900410444733692
4.573078276589513,-74.0897454880178,2627.8,10.593360614927875
4.572542840614915,-74.08906588330865,2628.0,8.010310584053272
4.5724802277982235,-74.08880319446325,2628.2,7.492930130589779
4.5726539846509695,-74.08858786337078,2628.2,7.685491394014763
4.572907201945782,-74.08858719281852,2628.2,9.396039508552873
4.573264438658953,-74.0889217145741,2627.8,9.066909188193664
4.573678504675627,-74.08946813084185,2627.8,8.462694179620906
4.573680181056261,-74.08964683301747,2628.0,9.915787343248077
4.57357750274241,-74.08980567008257,2628.0,10.503575506595848
4.573387820273638,-74.0898768324405,2628.2,11.272239273508362
4.573175003752112,-74.08982528373599,2628.6,12.187344003630622
4.572876691818237,-74.08950970508158,2628.2,12.06545427583319
4.572468074038625,-74.08891039900482,2628.2,8.952280700586096
4.572543511167169,-74.08865877427161,2628.0,7.289439911307646
4.572805697098374,-74.08856355585158,2627.8,7.760174695672302
4.57306201569736,-74.08868551254272,2627.8,7.894963067874865
4.573604827746749,-74.08934097737074,2627.6,7.879947595454257
4.573681773617864,-74.08955739811063,2627.6,8.498990059179066
4.573641121387482,-74.08970961347222,2627.6,8.743151480635465
4.573524361476302,-74.08982268534601,2627.6,9.032812625828852
4.573366278782487,-74.08986451104283,2627.8,9.100263296407253
4.573080372065306,-74.0897420514375,2627.8,8.651629977823218
4.572533704340458,-74.08906672149897,2628.0,6.89537846158309
4.572472432628274,-74.08881761133671,2628.0,7.117906189539461
4.572625737637281,-74.08860571682453,2628.4,5.8112294915218365
4.572906279936433,-74.0885955747217,2628.4,7.812524378039086
4.57322278060019,-74.08889061771333,2628.2,8.016052347650925
4.573663417249918,-74.08947508782148,2627.8,8.131709740932468
4.573668697848916,-74.08963761292398,2627.8,9.022088481282728
4.5735840406268835,-74.08978479914367,2627.8,9.428189514541161
4.573428221046925,-74.08986316993833,2627.8,9.701842112461124
4.573253290727735,-74.08985160291195,2628.0,9.758216965396889
4.572962522506714,-74.08960165455937,2628.2,8.52525446518943
4.572519538924098,-74.08904149197042,2628.2,5.66740947333079
4.57250352948904,-74.08875558525324,2628.4,5.2960564198346045
4.5726872608065605,-74.08859021030366,2628.4,5.4957225104783145
4.572940394282341,-74.08862239681184,2628.4,4.057733184417642
4.573337864130735,-74.0890335291624,2628.6,4.888742273162237
4.573661992326379,-74.08947642892599,2628.4,6.774408611021116
4.57361170090735,-74.08974490128458,2628.4,7.5781276942201625
4.573495863005519,-74.08983307890594,2628.6,8.094141153428145
4.573195790871978,-74.08981338143349,2628.6,8.368827682901648
4.572772001847625,-74.08934650942683,2628.8,7.00680280339906
4.572473522275686,-74.0888921264559,2629.0,7.54806779788694
4.5725037809461355,-74.0887250751257,2629.0,9.42021750527527
4.572632694616914,-74.08859389834106,2629.0,10.220305159168937
4.572827238589525,-74.08855802379549,2629.0,11.009683343087799
4.573017926886678,-74.08863270655274,2629.0,11.393821216318045
4.573632404208183,-74.0893847309053,2628.8,10.790127921750027
4.573691161349416,-74.0895673725754,2629.0,10.648554059502874
4.573637014254928,-74.08974842168391,2629.0,10.487433875265864
4.573477590456605,-74.08985990099609,2628.8,10.816880697629518
4.573281537741423,-74.08986316993833,2628.8,7.2758342328856855
4.573048269376159,-74.08971732482314,2628.8,10.199205982919048
4.572536973282695,-74.08906362019479,2628.6,7.092556874563779
4.572480982169509,-74.08878928050399,2629.0,6.215252096983648
4.572670161724091,-74.08858962357044,2629.0,7.641742167444704
4.572972916066647,-74.08861745148897,2629.0,8.460906644886432
4.5735743176192045,-74.08929252997041,2628.8,10.04667081754047
4.5736947655677795,-74.08953929319978,2629.0,10.163105396498592
4.573662830516696,-74.08970676362514,2628.8,9.460696965330058
4.57353743724525,-74.08982696011662,2628.8,9.653205320025712
4.573362926021218,-74.08986476249993,2628.8,9.937112244722442
4.573169304057956,-74.08980022184551,2629.0,11.35673071277917
4.572744760662317,-74.08930300734937,2629.0,7.264720513466264
4.5724985003471375,-74.08896655775607,2629.2,6.616901580097911
4.572526412084699,-74.08870068378747,2629.2,7.416479548142765
4.572775103151798,-74.08856137655675,2629.2,7.9268936545883255
4.573043575510383,-74.0886608697474,2629.2,7.965052330009924
4.57361807115376,-74.08935061655939,2629.4,9.067241873078649
4.573685713112354,-74.08952219411731,2629.4,10.237021362768276
4.5736603159457445,-74.08969611860812,2629.4,9.752756331242145
4.573540622368455,-74.08982251770794,2629.4,9.672904869807565
4.573376001790166,-74.08986702561378,2629.2,9.490194190086864
4.573090933263302,-74.08974071033299,2629.4,8.672987438397817
4.572528591379523,-74.08903889358044,2629.4,6.661188994147204
4.572486933320761,-74.08880319446325,2629.4,6.640583407075558
4.572635293006897,-74.08860437572002,2629.4,6.889692588643138
4.572896640747786,-74.08858417533338,2629.2,7.295001770041587
4.5732009038329124,-74.08884937874973,2629.2,7.478173277442036
4.57364154048264,-74.0893913526088,2629.0,7.055225170333454
4.573664171621203,-74.08967868424952,2629.2,7.995939741277793
4.573510782793164,-74.08983701840043,2629.4,8.166942433515679
4.573353789746761,-74.08986241556704,2629.4,8.851077720608403
4.573057070374489,-74.08970366232097,2629.6,9.358785094795104
4.572522388771176,-74.0890372171998,2629.6,7.3022720308527616
4.572484921664,-74.08879959024489,2629.4,6.674223107628354
4.572648284956813,-74.0885969158262,2629.4,7.230595656141168
4.572925390675664,-74.08859272487462,2629.4,7.71269320808527
4.573383294045925,-74.08907652832568,2629.6,7.4030085992812165
4.573690490797162,-74.08947927877307,2630.0,8.039313715849422
4.57368940114975,-74.08964817412198,2630.2,9.37146644620714
4.573595859110355,-74.08979971893132,2630.4,9.89008748374597
4.573423694819212,-74.08987758681178,2630.6,10.511977257901101
4.573230240494013,-74.08985495567322,2630.6,10.840582185561292
4.57299898378551,-74.08967382274568,2630.2,10.887652924579937
4.572495985776186,-74.08901450224221,2629.6,9.213171778238337
4.572495315223932,-74.08873630687594,2629.8,7.717684956344555
4.572660690173507,-74.088583169505,2630.0,8.35136150643032
4.572817515581846,-74.08855760470033,2630.2,8.843918737694679
4.573108367621899,-74.08871510066092,2629.8,9.198819622867514
4.573629638180137,-74.0893688891083,2629.0,9.290317519046765
4.573687640950084,-74.0896072704345,2629.0,9.076209965325777
4.573617400601506,-74.08976677805185,2629.2,9.67548873189793
4.573462838307023,-74.08986375667155,2629.4,10.147458090825417
4.573269719257951,-74.08986233174801,2629.8,10.751108269360143
4.573031505569816,-74.08970282413065,2630.0,10.627622952666092
4.572522221133113,-74.08905222080648,2630.6,9.179601376388536
4.572486095130444,-74.0887715946883,2630.2,7.850221068981723
4.572691284120083,-74.08858006820083,2630.0,7.8000632425601255
4.572973167523742,-74.0886111650616,2630.0,7.892069129087905
4.573485888540745,-74.08919379115105,2630.0,7.840043332442392
4.573678839951754,-74.08948573283851,2629.8,9.717427957874667
4.573672469705343,-74.08967206254601,2629.8,10.344117257472286
4.573555290699005,-74.0898247808218,2629.8,10.692684419193125
4.573369128629565,-74.0898784250021,2629.8,10.7807220537808
4.57311431877315,-74.08978035673499,2629.8,10.127036021663658
4.572700839489698,-74.08926755189896,2629.8,8.132095821705448
4.572476875036955,-74.08891517668962,2630.2,7.729207375738692
4.572520377114415,-74.08870529383421,2630.2,7.929275737395124
4.572630096226931,-74.08860395662487,2630.0,8.301604508408507
4.572929497808218,-74.08860211260617,2630.0,8.332464923491251
4.573471304029226,-74.08918289467692,2629.8,8.826732960032523
4.57366987131536,-74.08947081305087,2629.8,9.712539774411361
4.5736815221607685,-74.08962478861213,2629.8,8.567526926291324
4.573611114174128,-74.08976459875703,2629.8,8.690743652133772
4.573474824428558,-74.0898506809026,2629.6,8.964700405206843
4.573234263807535,-74.089838527143,2629.6,8.93767478973001
4.572795974090695,-74.08936721272767,2630.0,7.152536054034348
4.572485340759158,-74.08894216641784,2630.0,6.498161824147583
4.572510905563831,-74.08872063271701,2630.2,8.249172632349621
4.572623306885362,-74.0886037889868,2630.2,9.009272743918098
4.572793962433934,-74.08856171183288,2630.2,9.781327254343019
4.5729755982756615,-74.088612254709,2630.2,10.491518398351872
4.573552776128054,-74.08927610144019,2630.0,9.774763728691422
4.5736781693995,-74.08949160017073,2630.0,9.229593697077211
4.573674062266946,-74.08966057933867,2630.2,9.37870706774643
4.573576999828219,-74.08980290405452,2630.2,9.567754010728361
4.573419336229563,-74.08986878581345,2630.2,9.506355470079951
4.573184223845601,-74.08981740474701,2630.0,8.929051610499906
4.572797734290361,-74.08937836065888,2630.2,6.499684726773064
4.572484921664,-74.08894166350365,2630.2,5.424749791781054
4.572542170062661,-74.08869691193104,2630.2,4.649430640969778
4.572793710976839,-74.08857822418213,2630.4,4.42066809872879
4.573076097294688,-74.08871233463287,2630.4,5.796615375347006
4.573609689250588,-74.08934952691197,2630.2,8.395024600463623
4.573679259046912,-74.08951481804252,2630.0,9.95525811685231
4.573661237955093,-74.08968765288591,2630.0,9.641627182714824
4.573554703965783,-74.08982268534601,2630.2,9.555101957704792
4.573381366208196,-74.08987021073699,2630.2,10.00177606526914
4.573199395090342,-74.08982251770794,2630.2,10.468420678671157
4.57286411896348,-74.08944675698876,2630.2,7.994352097475755
4.572861269116402,-74.08933519385755,2629.8,1.5487675487126582
4.572645602747798,-74.08919236622751,2630.8,0.2321355536516017
4.572485592216253,-74.088897658512,2631.0,6.206533317355866
4.572556670755148,-74.0886608697474,2631.0,6.860203665382997
4.572790190577507,-74.08855802379549,2631.0,7.09752147596033
4.573035780340433,-74.08865232020617,2631.0,7.318231126286674
4.573644390329719,-74.08938255161047,2631.2,8.124769062627736
4.573678839951754,-74.08961841836572,2631.0,6.613292481281929
4.573501730337739,-74.08982008695602,2631.0,7.456092367799529
4.573220266029239,-74.0898215956986,2631.0,7.833227693606085
4.572806870564818,-74.0893842279911,2630.8,6.688195691727271
4.572474863380194,-74.08895532600582,2631.2,6.6955209109614655
4.572519958019257,-74.08868542872369,2631.4,7.591912765704835
4.572636215016246,-74.08858576789498,2631.6,8.512133333793761
4.572788011282682,-74.08855148591101,2631.8,8.660970932406306
4.573081629350781,-74.08868459053338,2631.8,8.966912167659963
4.5736609026789665,-74.08940082415938,2631.6,10.234672652308818
4.5737039018422365,-74.08959369175136,2631.6,10.96515431505737
4.57362687215209,-74.08977926708758,2631.8,11.1536396579241
4.573438195511699,-74.08988119103014,2631.8,11.927471124811794
4.57321397960186,-74.08985663205385,2632.0,12.554365090494805
4.572961935773492,-74.08965253271163,2632.0,12.019173968459057
4.5725142583251,-74.08903210423887,2631.6,9.443448405371475
4.572482239454985,-74.08876488916576,2631.6,7.4662579558757995
4.572675693780184,-74.088577888906,2631.4,7.476589584447318
4.5729470159858465,-74.08860420808196,2631.4,6.068864012449948
4.573460072278976,-74.08916319720447,2631.0,7.665300982420288
4.573682192713022,-74.0895314142108,2631.0,7.959735471066378
4.573656041175127,-74.08968170173466,2631.0,8.464422921217148
4.573553027585149,-74.08980131149292,2631.0,8.770133772987858
4.573398632928729,-74.08985495567322,2631.0,9.09438545740718
4.573166873306036,-74.08979628235102,2631.0,8.86939950526847
4.572753310203552,-74.08931281417608,2631.2,7.069387791514357
4.572486681863666,-74.08895155414939,2631.4,6.234967331523389
4.572493135929108,-74.08874946646392,2631.4,7.478734983537268
4.57262322306633,-74.08859708346426,2631.8,11.133141576672172
4.572789184749126,-74.08854687586427,2631.8,9.648269787932849
4.572962103411555,-74.08859129995108,2631.6,9.935700523552816
4.5735628344118595,-74.08926830627024,2631.4,10.057666822602947
4.573676409199834,-74.08950911834836,2631.6,9.85414555037186
4.573650173842907,-74.08970290794969,2631.4,10.851101106283522
4.573503993451595,-74.08984657377005,2631.4,11.390184991832873
4.5732910092920065,-74.08986886963248,2631.4,11.919011375844532
4.573095962405205,-74.08977356739342,2631.4,12.075479852950913
4.572626408189535,-74.0891854930669,2631.4,9.289928268522527
4.572469415143132,-74.08893587999046,2631.6,6.5503081051706875
4.572533369064331,-74.08868350088596,2631.4,7.22418321576089
4.572780970484018,-74.08856556750834,2631.4,7.627941263284791
4.573043491691351,-74.0886762086302,2631.4,7.924481109859975
4.573653023689985,-74.0893911011517,2631.6,9.489873623371174
4.5736997947096825,-74.08954901620746,2632.0,9.142278302440419
4.573665428906679,-74.08971212804317,2632.2,9.250330515089443
4.573545819148421,-74.0898366831243,2632.0,9.596270951775843
4.573372900485992,-74.08988295122981,2632.0,9.961071667859395
4.573199981823564,-74.08984456211329,2631.8,9.857975281418192
4.572752974927425,-74.08932270482183,2631.6,7.635108796872068
4.572483580559492,-74.0889166854322,2631.4,4.920219229473167
4.572538733482361,-74.0886970795691,2631.4,6.282532997060786
4.572767727077007,-74.08857478760183,2631.6,7.219777134385271
4.573033098131418,-74.08866916783154,2631.6,7.835619145474078
4.573661992326379,-74.08941716887057,2632.0,8.352665985563153
4.573691999539733,-74.08964482136071,2632.4,8.49483198178798
4.573609437793493,-74.0897853858769,2632.6,9.05261239115688
4.573457222431898,-74.08986702561378,2632.6,9.607102059078366
4.573278184980154,-74.08986710943282,2632.4,9.965681800119718
4.572988422587514,-74.08966309390962,2632.4,9.85193203481172
4.572471007704735,-74.08897468820214,2632.6,9.56707983944087
4.572453573346138,-74.08882347866893,2632.6,8.445432713147374
4.572551809251308,-74.08863689750433,2632.6,11.707293203029849
4.572706539183855,-74.08854645676911,2632.6,9.967429674211903
4.572877027094364,-74.08855467103422,2632.8,9.500777917876995
4.573215069249272,-74.08885331824422,2632.4,10.028855746153159
4.573677079752088,-74.08947357907891,2632.2,10.740078676426158
4.573684791103005,-74.08965286798775,2632.2,9.95665295282933
4.573589405044913,-74.08980248495936,2632.2,9.853725101929646
4.573423359543085,-74.08987356349826,2632.0,10.048761481711345
4.573172405362129,-74.08981690183282,2631.8,9.54519920839293
4.572775438427925,-74.08934609033167,2632.0,6.842668154517132
4.572482910007238,-74.0889285877347,2632.0,5.662798658791462
4.572525406256318,-74.08870789222419,2632.0,6.235561602323876
4.572715424001217,-74.08857780508697,2631.8,6.402387561907046
4.572954811155796,-74.08861896023154,2631.8,5.4073865965269725
4.573344402015209,-74.08903780393302,2632.0,4.8899292904325415
4.57366987131536,-74.08946687355638,2632.0,8.547068071275321
4.573670877143741,-74.08964616246521,2632.0,9.947555141787802
4.573566438630223,-74.08979745581746,2632.2,10.210911835630018
4.573391759768128,-74.0898630861193,2632.2,10.382095212107792
4.573215488344431,-74.08983182162046,2632.2,9.963385095471109
4.57276931963861,-74.08933511003852,2632.2,6.744937503517108
4.572477713227272,-74.08888801932335,2632.0,5.928818746337987
4.572545271366835,-74.08867402933538,2632.2,6.227179914775963
4.572765212506056,-74.08856632187963,2632.4,6.81147105557603
4.573014574125409,-74.0886484645307,2632.4,7.30425430677454
4.573567612096667,-74.08928372897208,2632.4,7.799241147432471
4.573679510504007,-74.08954910002649,2632.4,7.993292914382613
4.573560236021876,-74.08979418687522,2632.2,7.566208266692229
4.573409026488662,-74.08985076472163,2632.2,8.982631716180675
4.57313871011138,-74.0897904150188,2632.4,7.707071368017429
4.572673682123423,-74.08924391493201,2632.4,7.248424346927913
4.572470001876354,-74.08888902515173,2632.6,7.573616938507302
4.572498667985201,-74.0887383185327,2632.6,8.51246340917626
4.572604112327099,-74.08861510455608,2632.6,9.00995364783962
4.572763368487358,-74.08856078982353,2632.8,9.36293731424061
4.57293251529336,-74.08859155140817,2632.8,9.568119403622253
4.573485888540745,-74.08920066431165,2632.4,9.14511414025409
4.573670960962772,-74.08947290852666,2632.6,9.141622296729185
4.573677917942405,-74.08963920548558,2632.6,9.234693588799304
4.5735937636345625,-74.08978739753366,2632.6,9.462679698591801
4.573442135006189,-74.089867612347,2632.6,9.541182352289932
4.573274161666632,-74.08986082300544,2632.6,9.356938743004752
4.572977861389518,-74.08961615525186,2632.6,8.544106701563965
4.57252356223762,-74.08904132433236,2632.4,7.400181168741869
4.572487017139792,-74.08878802321851,2632.4,7.100121697306908
4.572662031278014,-74.08858769573271,2632.4,7.389655811260767
4.572943998500705,-74.08859808929265,2632.6,7.8525664554205665
4.573471639305353,-74.08916797488928,2632.6,7.846126851438333
4.573682863265276,-74.08945153467357,2633.0,9.820568251482337
4.573698285967112,-74.08962738700211,2633.4,9.79645935244137
4.573615891858935,-74.08978387713432,2633.4,9.81921163843563
4.573456384241581,-74.08986937254667,2633.4,10.065903278425235
4.5732795260846615,-74.08986350521445,2633.2,9.849768822340533
4.5729744248092175,-74.08960282802582,2632.8,8.922806656704493
4.57251668907702,-74.08901693299413,2632.8,6.883563666988884
4.572490202262998,-74.08878257498145,2632.6,6.543240403129141
4.5726437587291,-74.08859389834106,2632.8,6.757299005266412
4.572898484766483,-74.08858149312437,2632.8,7.09734136868848
4.573154719546437,-74.08878819085658,2632.8,7.320341660255106
4.573614215478301,-74.08933879807591,2632.8,7.968307479915711
4.573678337037563,-74.08963937312365,2632.8,8.527141174522178
4.573599630966783,-74.08976962789893,2632.8,8.450951933809321
4.573462838307023,-74.08984791487455,2632.8,8.765679208934099
4.573166035115719,-74.0897986292839,2632.8,8.372387751845364
4.572743084281683,-74.08930627629161,2632.8,7.212249708883206
4.5724772941321135,-74.08894266933203,2633.2,7.1478921112941
4.5725367218256,-74.08868199214339,2633.0,7.418402473951856
4.572731181979179,-74.0885696746409,2633.2,8.326504294561744
4.572967970743775,-74.08861870877445,2633.4,8.971888232943973
4.573567779734731,-74.08930225297809,2632.8,10.105343639328412
4.573683785274625,-74.08954725600779,2633.0,10.03285233685076
4.573649670928717,-74.08972210250795,2633.0,9.88500439385167
4.5735106989741325,-74.08984950743616,2633.0,10.478531240686346
4.573314310982823,-74.08987716771662,2633.2,11.038563573672764
4.573056735098362,-74.0897402074188,2633.0,10.817510857738808
4.572506714612246,-74.08901827409863,2633.2,8.40239496152655
4.572494812309742,-74.08874468877912,2633.4,7.597001133462494
4.57264669239521,-74.0885918866843,2633.6,7.981854257734983
4.572935784235597,-74.08860119059682,2633.8,8.049683403841163
4.573418414220214,-74.08912329934537,2633.8,7.183000979608715
4.573672134429216,-74.08948925323784,2633.4,8.24435778229679
4.573640115559101,-74.08971020020545,2633.4,8.258372728486911
4.5735221821814775,-74.08982201479375,2633.4,9.031861864419259
4.573358399793506,-74.08985956571996,2633.4,9.351131721536053
4.573065871372819,-74.0897209290415,2633.4,9.00376274347285
4.572530435398221,-74.08904945477843,2633.8,7.951515988515237
4.572483832016587,-74.08878240734339,2633.8,7.520916017618919
4.5726098120212555,-74.0886140987277,2634.0,7.785464591111957
4.5728931203484535,-74.08858057111502,2633.8,7.939262831515497
4.573180200532079,-74.08882297575474,2633.6,8.354295050555605
4.573680516332388,-74.08950920216739,2633.6,10.482381181395986
4.573669284582138,-74.08967030234635,2633.6,8.960076941849712
4.5735745690763,-74.08980625681579,2633.6,9.202749331575362
4.573413971811533,-74.08987381495535,2633.8,9.693395706481027
4.573232838883996,-74.08984858542681,2633.8,10.178525487975682
4.573017340153456,-74.08968622796237,2633.8,10.000327208922403
4.572518533095717,-74.08903839066625,2633.8,7.569602147744998
4.572484502568841,-74.08879078924656,2633.8,6.933767848344945
4.5726625341922045,-74.08858945593238,2634.0,7.466291527609219
4.572949698194861,-74.08860705792904,2634.0,8.006641569862367
4.573447583243251,-74.08915246836841,2633.8,8.20654934638079
4.5736729726195335,-74.0894775185734,2634.0,8.787597513840723
4.573672721162438,-74.08964515663683,2633.8,9.301527594273445
4.573580101132393,-74.08979083411396,2633.8,9.586647631138659
4.573414558544755,-74.0898644272238,2633.8,10.078235590521883
4.573227809742093,-74.0898406226188,2633.8,10.477963266074426
4.573005270212889,-74.08967382274568,2634.2,10.308802752786912
4.57252305932343,-74.08904811367393,2634.0,7.9784407643921265
4.572475617751479,-74.08880906179547,2634.0,6.761761419315199
4.572616769000888,-74.08861242234707,2634.0,5.377779609460694
4.572865879163146,-74.088583169505,2634.0,6.980038459744237
4.573128903284669,-74.08877176232636,2634.0,7.197916419435481
4.573611197993159,-74.08935296349227,2634.0,8.391563683953613
4.573676995933056,-74.08951632678509,2634.0,9.775733616412927
4.573657801374793,-74.08969813026488,2634.2,10.14382597941719
4.573533916845918,-74.08983416855335,2634.0,10.223735051699418
4.573351107537746,-74.08987800590694,2634.0,10.461772787356205
4.573104260489345,-74.08977658487856,2634.0,9.898070274776218
4.5726716704666615,-74.08923896960914,2634.2,7.666757722728526
4.572478970512748,-74.08892959356308,2634.0,6.746899705746788
4.572530519217253,-74.08869355916977,2634.2,6.703398701908112
4.5727538131177425,-74.08857227303088,2634.2,7.066650453846276
4.573113899677992,-74.08874267712235,2634.2,8.864143720552898
4.573637768626213,-74.08940342254937,2634.2,7.806967790442143
4.573651682585478,-74.08968958072364,2634.0,7.947982025163473
4.573554620146751,-74.08980567008257,2634.0,8.4066794865819
4.573408020660281,-74.08986032009125,2634.0,8.704843292836047
4.573126807808876,-74.08977608196437,2634.2,8.167716667072597
4.572872165590525,-74.08945388160646,2634.2,4.147895508995093
4.572907788679004,-74.08942337147892,2635.4,0.014421759101478313
4.573098057880998,-74.0896313264966,2635.4,1.9576682025488448
4.573300397023559,-74.0896606631577,2634.4,3.2543249785484614
4.57359217107296,-74.08938590437174,2633.4,2.784944878505217
4.573675403371453,-74.08928196877241,2634.0,2.467692636598942
4.573757378384471,-74.08922798931599,2635.0,0.6447855645201129
4.573738016188145,-74.08918130211532,2635.4,1.4063425325836134
4.573742710053921,-74.0889420825988,2637.0,1.6623938807384309
4.573766430839896,-74.08879992552102,2638.0,1.2327058216199367
4.573930632323027,-74.08872247673571,2637.2,1.1890708330051296
4.573952341452241,-74.08860831521451,2637.2,0.9920292453681194
4.573970781639218,-74.08828502520919,2637.8,1.7113121293338507
4.573983773589134,-74.08793273381889,2638.0,2.444953439152957
4.574168007820845,-74.08786609768867,2637.8,1.8168361078023587
4.574471013620496,-74.08788738772273,2639.0,2.114648037369413
4.5744613744318485,-74.0880633238703,2638.0,1.5059812777228152
4.574459195137024,-74.08818259835243,2637.4,1.6563866540518128
4.574444862082601,-74.0883017051965,2635.8,0.36239034948263077
4.5742726139724255,-74.0884882863611,2634.4,3.139313232372084
4.57424009218812,-74.08874267712235,2633.8,4.744330086368986
4.574567573145032,-74.08956837840378,2633.0,7.043789805214244
4.574756668880582,-74.08997280523181,2632.2,4.506839202658885
4.575167298316956,-74.08971665427089,2633.0,4.486128033176032
4.575680438429117,-74.08936310559511,2634.2,4.331716237820905
4.575975062325597,-74.08917778171599,2633.4,3.2266283613757953
4.576122332364321,-74.08927300013602,2633.0,3.9015987848807456
4.576536566019058,-74.08992326818407,2631.4,5.352968354919067
4.57685767672956,-74.09042006358504,2629.8,4.107575255642329
4.576996229588985,-74.09071317873895,2628.8,2.400729939137423
4.5767399948090315,-74.09088986925781,2629.2,2.884566786270607
4.576217466965318,-74.09118491224945,2630.0,4.1720637966052045
4.575940277427435,-74.09138532355428,2630.2,2.7168443940118197
4.575210213661194,-74.09208278171718,2630.0,7.014111460728156
4.574574362486601,-74.09272047691047,2631.0,6.255749749757715
4.574443437159061,-74.09285525791347,2631.0,1.3051848936484725
4.574165577068925,-74.09302985295653,2631.6,0.6636863956032806
4.573783781379461,-74.09274025820196,2632.8,3.8068487627138623
4.573449594900012,-74.09243457019329,2634.2,4.196991314436791
4.572988087311387,-74.0920210070908,2635.8,6.264104710206311
4.572620624676347,-74.09167659468949,2637.2,3.9998976008130964
4.572444101795554,-74.09147936850786,2637.8,0.5883752248415748
4.57194940187037,-74.09096958115697,2641.0,4.93826487475914
4.571547489613295,-74.0904395096004,2643.6,4.62171717794518
4.571052705869079,-74.08961112610996,2647.8,6.702664812309305
4.570717681199312,-74.0890335291624,2650.6,4.365123335915901
4.570338316261768,-74.08838862553239,2653.4,5.19630381471488
4.569988120347261,-74.08779753372073,2656.4,4.772513419094139
4.569652089849114,-74.08727676607668,2658.6,4.304556850279034
4.569362914189696,-74.08675306476653,2662.6,3.914907543760492
4.569260571151972,-74.08634847030044,2663.8,2.895912742739177
4.569031912833452,-74.08634453080595,2663.6,2.54586667002946
4.568363539874554,-74.08670763485134,2662.0,5.289218759868174
4.567958610132337,-74.08693327568471,2666.0,4.701697167786461
4.567893985658884,-74.08697107806802,2666.8,4.182978982333191
4.567840425297618,-74.08700209110975,2667.8,3.4782299419979608
4.567803293466568,-74.08702589571476,2668.6,2.4851214644403075
4.567778902128339,-74.08705783076584,2670.0,0.9357415777775335
4.567838665097952,-74.08724809996784,2670.4,2.767543441632126
4.567584358155727,-74.08744188956916,2672.2,2.9663408171453045
4.567282274365425,-74.08762251958251,2674.2,2.6132851646304496
4.566950602456927,-74.08783977851272,2678.4,2.6055928437261473
4.566799812018871,-74.08783097751439,2679.6,2.4081524226453284
4.566581211984158,-74.08750140108168,2683.4,2.593645891306836
4.566419525071979,-74.08731800504029,2685.0,2.4741198608756267
4.566294215619564,-74.08743476495147,2686.4,2.1210688266168836
4.566053068265319,-74.08762360922992,2689.4,2.1366844981254633
4.565811837092042,-74.08782511018217,2693.0,2.066409169107047
4.565629698336124,-74.0879874676466,2695.6,1.6028123382711232
4.5654447097331285,-74.08807790838182,2697.2,2.0876331402287893
4.565250836312771,-74.0881962608546,2700.4,1.5916006229777417
4.565184786915779,-74.08832366578281,2702.0,1.3346187380346397
4.565410008653998,-74.08875030465424,2699.6,3.351573123556493
4.565733214840293,-74.08929160796106,2695.8,4.3825427879122065
4.565856428816915,-74.0896572265774,2693.4,4.2894329076652955
4.565548812970519,-74.08986576832831,2695.0,2.5850360492437976
4.565148912370205,-74.09008830785751,2698.0,3.18722576053571
4.564849594607949,-74.09027648158371,2702.2,2.4716123567550334
4.5646080281585455,-74.09041310660541,2705.4,1.8256328416793257
4.564353721216321,-74.0905483905226,2707.0,2.005205125630688
4.564108215272427,-74.09066280350089,2707.6,2.511716201261063
4.563931860029697,-74.09052492119372,2710.0,2.2732115623607596
4.563725329935551,-74.090345967561,2712.8,1.9067651980201057
4.5635472144931555,-74.09019157290459,2715.2,1.64462436265754
4.5633608009666204,-74.09002737142146,2716.6,1.728193990967132
4.563138596713543,-74.08982243388891,2718.4,2.1030637837630413
4.562890073284507,-74.08962705172598,2720.8,2.5164781452596445
4.562672981992364,-74.08943720161915,2723.2,2.009352728409858
4.562452286481857,-74.08956653438509,2724.8,1.6763177631227701
4.5621073711663485,-74.08977046608925,2727.2,2.789557971617217
4.561804281547666,-74.08994380384684,2730.8,2.2943501121289294
4.5614956598728895,-74.09010758623481,2732.2,2.4307417635323314
4.561203131452203,-74.09025225788355,2732.6,2.269279464234023
4.560822090134025,-74.09047010354698,2732.6,3.0513804840349352
4.560055397450924,-74.09089732915163,2733.0,6.101975662502271
4.55966186709702,-74.0911612752825,2737.4,3.7771683196941046
4.559894297271967,-74.09139999188483,2738.6,2.849902365651113
4.560058834031224,-74.09165287390351,2740.6,2.5822951963572796
4.5602086186409,-74.09183937124908,2742.4,1.90266505407075
4.560577338561416,-74.0922424569726,2738.4,4.679967616050316
4.560635592788458,-74.09241998568177,2736.2,4.171217750947266
4.5603889133781195,-74.09264202229679,2735.6,3.354400196164697
4.5606854651123285,-74.09297486767173,2731.4,4.9715340866128255
4.561178237199783,-74.0934684779495,2724.4,5.189015538315649
4.56160856410861,-74.09390609711409,2717.4,4.285679527953274
4.561785338446498,-74.09408379346132,2713.6,2.3429800747091245
4.561917604878545,-74.09427129663527,2710.6,0.5346935648034228
4.562282720580697,-74.09463616088033,2701.4,3.6313938210622783
4.562719166278839,-74.09507252275944,2690.2,4.343902368866132
4.563198275864124,-74.09557091072202,2679.8,6.461037512337739
4.563518799841404,-74.09530302509665,2674.0,4.6801696075632275
4.563675206154585,-74.0954009257257,2672.0,6.873178779644243
4.563888693228364,-74.09560267813504,2666.8,4.132644637292638
4.564606435596943,-74.09516648389399,2662.0,6.681411274218661
4.5651855412870646,-74.09468343481421,2661.2,5.240194203308615
4.565624417737126,-74.09433701075613,2663.4,3.887801361593772
4.566041920334101,-74.09405956976116,2663.8,4.288423847237015
4.566311901435256,-74.09394850954413,2662.2,2.323012171762582
4.566987901926041,-74.09380719065666,2658.8,4.808984343721778
4.567323010414839,-74.09379067830741,2658.4,2.8731708421749067
4.567878311499953,-74.09367836080492,2657.8,3.9414137335666197
4.5683965645730495,-74.09364030696452,2654.6,4.456495538798775
4.568950776010752,-74.09368297085166,2652.4,4.422500784396454
4.569413289427757,-74.09371725283563,2649.4,3.2321369731001495
4.569758288562298,-74.09374382346869,2645.6,2.4190706140221057
4.569976218044758,-74.09377098083496,2642.6,1.539352579111911
4.570249300450087,-74.09378062002361,2640.6,2.032259012689082
4.570542918518186,-74.09351298585534,2639.6,3.1552651356663044
4.570861263200641,-74.09319405443966,2638.8,3.5778282443540452
4.57153407856822,-74.09254127182066,2637.4,6.512787800481507
4.57209357060492,-74.09197532571852,2638.2,5.528201016199416
4.572463212534785,-74.09160509705544,2641.0,3.638336612896576
4.572767978534102,-74.09141625277698,2641.4,1.1393796904343607
4.573497036471963,-74.09089112654328,2640.2,6.244869110047422
4.574546869844198,-74.090131893754,2636.8,9.00676616667023
4.574695313349366,-74.08993827179074,2636.6,4.517618070682996
4.574467912316322,-74.08935807645321,2637.2,6.289253566967079
4.574210420250893,-74.08866782672703,2638.0,8.178523040458085
4.574289126321673,-74.08845232799649,2638.6,6.368605236660215
4.574485933408141,-74.0883244201541,2639.4,2.9018299480665863
4.573989138007164,-74.08834185451269,2642.4,0.8796523685759446
4.573972709476948,-74.08854737877846,2642.2,1.9066729424889692
4.573886292055249,-74.08879850059748,2642.0,2.680017903707002
4.573750924319029,-74.08883747644722,2643.0,2.6182162609671913
4.573787804692984,-74.08922706730664,2641.0,3.622623588634735
4.573693173006177,-74.08934307284653,2640.0,2.7772650113791753
4.573533497750759,-74.08949277363718,2639.6,6.0830356951414934
4.5732706412673,-74.08968019299209,2639.6,4.487350844089229
4.573086239397526,-74.08963057212532,2640.6,3.5461138191329424
4.5728460140526295,-74.08934382721782,2641.2,2.7712097419509885
4.573144661262631,-74.08965789712965,2641.4,1.003437013797362
4.573318585753441,-74.0896471682936,2640.6,3.8828487781534577
4.573714127764106,-74.08926470205188,2640.4,4.704272793828264
4.573699878528714,-74.08907879143953,2641.8,2.3041972359941827
4.573742123320699,-74.0888043679297,2643.8,2.5731021796370253
4.573938678950071,-74.08871535211802,2643.2,2.1831109506241435
4.5739504136145115,-74.08846439793706,2643.2,1.6398672891835153
4.5740048959851265,-74.08832592889667,2643.4,2.0650110658577807
4.574349308386445,-74.08823071047664,2643.2,2.4855988117698367
4.574425667524338,-74.08831486478448,2641.8,2.117492701072162
4.574248474091291,-74.08851929940283,2640.4,4.299148764417772
4.574241181835532,-74.088818365708,2639.8,6.640243490928929
4.574657175689936,-74.08984338864684,2638.2,7.676095564141662
4.574743593111634,-74.08999350853264,2638.0,3.847457619867414
4.575197892263532,-74.08962805755436,2638.8,4.05175610987124
4.575735758990049,-74.08921558409929,2639.8,4.71073966270573
4.575930219143629,-74.0891823079437,2639.2,2.746008137657415
4.576171534135938,-74.08936687745154,2638.8,3.7535868895903914
4.57667201757431,-74.09015318378806,2636.6,6.471624947263608
4.576991619542241,-74.09066171385348,2635.0,6.066134360953376
4.5769228879362345,-74.09079959616065,2634.6,4.277788872555731
4.576246133074164,-74.09115272574127,2636.0,5.30806034055207
4.575621178373694,-74.09169159829617,2636.4,7.05667525658057
4.574806038290262,-74.09248377196491,2637.2,7.896195730905088
4.5744446106255054,-74.09284151159227,2637.6,3.5326298882009475
4.574140682816505,-74.09302281215787,2638.0,0.960112294195171
4.573733992874622,-74.09269130788743,2639.4,5.835001560457285
4.573221858590841,-74.09221379086375,2641.6,4.866474138089453
4.572783736512065,-74.09184322692454,2642.8,3.987740009145192
4.572665886953473,-74.09174406901002,2643.2,1.427251063538603
4.572391966357827,-74.09142178483307,2644.4,0.8870310967572674
4.571922076866031,-74.09093169495463,2647.2,4.719250160598196
4.571472303941846,-74.09028897061944,2651.0,5.451438638376791
4.571131998673081,-74.08971196040511,2653.8,4.653014240780478
4.5707835629582405,-74.08914115279913,2656.6,4.645339909676952
4.5704161003232,-74.08852055668831,2659.2,4.714109189088204
4.5700581930577755,-74.0879219211638,2662.0,4.844414989523535
4.5697863679379225,-74.08748488873243,2663.8,3.5743736699444724
4.569480009377003,-74.08698189072311,2667.2,4.093626654773956
4.569282364100218,-74.08647545613348,2669.6,3.7748785691790054
4.569197706878185,-74.08632173202932,2670.2,2.437181485445217
4.568893611431122,-74.08642759546638,2668.6,2.2417366233194063
4.5681047067046165,-74.08685205504298,2670.0,6.228981828085508
4.567781500518322,-74.08705062232912,2675.2,4.723261499860154
4.567862218245864,-74.0871996525675,2676.2,2.692468371402207
4.567610593512654,-74.0874004829675,2677.6,3.256522469532511
4.5672485791146755,-74.0876399539411,2680.4,3.0220555274277503
4.566975412890315,-74.08781848847866,2683.8,2.278240337026508
4.566823113709688,-74.08782343380153,2685.0,2.4293055827771233
4.56657744012773,-74.08746670000255,2688.8,3.0164704073279647
4.566406030207872,-74.08730618655682,2690.6,2.378599859113483
4.566280217841268,-74.08744440414011,2691.6,2.599243996706232
4.566050888970494,-74.08762687817216,2694.8,2.0462980006678957
4.5657995995134115,-74.08781530335546,2698.2,2.1930742821033524
4.565669680014253,-74.08796852454543,2700.8,1.6051685338719752
4.565448062494397,-74.08809182234108,2703.2,2.0222997496676065
4.565218733623624,-74.08822140656412,2706.8,1.7364879378372315
4.565210267901421,-74.0883537568152,2707.6,1.6375947801621948
4.565473711118102,-74.08882741816342,2704.8,4.634878787569208
4.565646713599563,-74.0891326032579,2702.2,2.4403081024573536
4.565848717465997,-74.08947986550629,2699.4,2.7939681457307994
4.565849220380187,-74.08966762013733,2698.6,2.9785500237563887
4.565576976165175,-74.08982922323048,2700.2,2.517888212457749
4.565212782472372,-74.09004379995167,2702.4,2.9417759917838917
4.5648822002112865,-74.09025141969323,2706.6,2.907985198711141
4.564638286828995,-74.0903893020004,2710.2,1.960854638892167
4.564442066475749,-74.09049198031425,2711.4,1.450907046432336
4.564161524176598,-74.09064436331391,2712.2,2.220175601836659
4.564019199460745,-74.09061871469021,2713.2,2.304022507529585
4.563799761235714,-74.09041402861476,2717.0,2.0982221381080977
4.563607899472117,-74.0902423672378,2719.6,1.7960178934169366
4.563396340236068,-74.09005528315902,2721.4,1.965379026202342
4.563250495120883,-74.08990826457739,2722.8,1.441163809831971
4.563054023310542,-74.0897214319557,2724.2,2.3206438642404454
4.562875824049115,-74.08960450440645,2726.0,2.377184935647816
4.562671724706888,-74.08942219801247,2728.4,2.1797064662707997
4.562453962862492,-74.08955471590161,2730.2,1.8939812172314425
4.562073005363345,-74.08977943472564,2732.6,3.0784143566655167
4.5617518946528435,-74.08995352685452,2736.4,2.5505902480273104
4.561521392315626,-74.09008948132396,2737.8,1.8624221415353293
4.56122450530529,-74.0902531798929,2738.4,2.3573263700174385
4.560843966901302,-74.09045686013997,2738.2,3.000887825548365
4.5601170882582664,-74.09085399471223,2737.8,5.7586843085122625
4.559557931497693,-74.09119337797165,2744.4,4.565629060061227
4.559310581535101,-74.09133578650653,2748.6,2.1349305294079732
4.559376463294029,-74.09147090278566,2749.2,1.2847554378269341
4.559563295915723,-74.09169922582805,2750.8,2.051155298450785
4.559717522934079,-74.09186912700534,2751.4,1.5941410441238293
4.560055313631892,-74.09224832430482,2748.8,3.5307336228540596
4.560530986636877,-74.0927792340517,2739.8,4.982656878815657
4.561139512807131,-74.09341122955084,2730.8,6.1199346870398585
4.5616555865854025,-74.09394012764096,2722.6,5.158492325221549
4.561830265447497,-74.09410717897117,2718.4,1.9422537932219763
